ship,cost,has_cost,url
500-X shuttle,,No,https://starwars.fandom.com/wiki/500-X_shuttle
A-7 Hunter Interceptor,80000,Yes,https://starwars.fandom.com/wiki/A-7_Hunter_Interceptor
A-9 Vigilance interceptor,185000,Yes,https://starwars.fandom.com/wiki/A-9_Vigilance_interceptor
Acclamator II-class assault ship/Legends,,No,https://starwars.fandom.com/wiki/Acclamator_II-class_assault_ship/Legends
Acclamator-class transgalactic military assault ship/Legends,29000000,Yes,https://starwars.fandom.com/wiki/Acclamator-class_transgalactic_military_assault_ship/Legends
Acclamator-class transport drop ship,,No,https://starwars.fandom.com/wiki/Acclamator-class_transport_drop_ship
Adz-class patrol destroyer,4450000,Yes,https://starwars.fandom.com/wiki/Adz-class_patrol_destroyer
Aerial landing platform,,No,https://starwars.fandom.com/wiki/Aerial_landing_platform
Aggressive ReConnaissance-170 starfighter,180000,Yes,https://starwars.fandom.com/wiki/Aggressive_ReConnaissance-170_starfighter
Aggressive ReConnaissance-170 starfighter/Legends,155000,Yes,https://starwars.fandom.com/wiki/Aggressive_ReConnaissance-170_starfighter/Legends
Aggressor-class destroyer,,No,https://starwars.fandom.com/wiki/Aggressor-class_destroyer
Allanar N3 light freighter,,No,https://starwars.fandom.com/wiki/Allanar_N3_light_freighter
Allegiance-class battlecruiser,,No,https://starwars.fandom.com/wiki/Allegiance-class_battlecruiser
Alpha-3 Nimbus-class V-wing starfighter,120000,Yes,https://starwars.fandom.com/wiki/Alpha-3_Nimbus-class_V-wing_starfighter
Alpha-3 Nimbus-class V-wing starfighter/Legends,102500,Yes,https://starwars.fandom.com/wiki/Alpha-3_Nimbus-class_V-wing_starfighter/Legends
Alpha-class Xg-1 Star Wing,135000,Yes,https://starwars.fandom.com/wiki/Alpha-class_Xg-1_Star_Wing
Alpha-class Xg-1 Star Wing/Legends,125000,Yes,https://starwars.fandom.com/wiki/Alpha-class_Xg-1_Star_Wing/Legends
Altor-class replenishment ship,,No,https://starwars.fandom.com/wiki/Altor-class_replenishment_ship
Altor-class supply ship,,No,https://starwars.fandom.com/wiki/Altor-class_supply_ship
Armored Interface Craft-4,,No,https://starwars.fandom.com/wiki/Armored_Interface_Craft-4
Arquitens-class command cruiser,5000000,Yes,https://starwars.fandom.com/wiki/Arquitens-class_command_cruiser
Arquitens-class light cruiser,4000000,Yes,https://starwars.fandom.com/wiki/Arquitens-class_light_cruiser
Assault corvette,,No,https://starwars.fandom.com/wiki/Assault_corvette
Assault Transport (Empire),,No,https://starwars.fandom.com/wiki/Assault_Transport_(Empire)
Assertor-class Star Dreadnought,1100000000,Yes,https://starwars.fandom.com/wiki/Assertor-class_Star_Dreadnought
Assertor-class Star Dreadnought/Legends,1100000000,Yes,https://starwars.fandom.com/wiki/Assertor-class_Star_Dreadnought/Legends
Auto-fighter,,No,https://starwars.fandom.com/wiki/Auto-fighter
Bayonet-class light cruiser,5000000,Yes,https://starwars.fandom.com/wiki/Bayonet-class_light_cruiser
Belbullab-22 starfighter/Legends,168000,Yes,https://starwars.fandom.com/wiki/Belbullab-22_starfighter/Legends
Belbullab-24 strike bomber,168000,Yes,https://starwars.fandom.com/wiki/Belbullab-24_strike_bomber
Bellator-class dreadnought,,No,https://starwars.fandom.com/wiki/Bellator-class_dreadnought
Bellator-class dreadnought/Legends,,No,https://starwars.fandom.com/wiki/Bellator-class_dreadnought/Legends
Beta-class assault shuttle,,No,https://starwars.fandom.com/wiki/Beta-class_assault_shuttle
Beta-class ETR-3 escort transport,,No,https://starwars.fandom.com/wiki/Beta-class_ETR-3_escort_transport
BFF-1 bulk freighter/Legends,,No,https://starwars.fandom.com/wiki/BFF-1_bulk_freighter/Legends
Bot-drone,,No,https://starwars.fandom.com/wiki/Bot-drone
Broadside-class cruiser kdb-1,,No,https://starwars.fandom.com/wiki/Broadside-class_cruiser_kdb-1
Builder shuttle,,No,https://starwars.fandom.com/wiki/Builder_shuttle
Burst Fire-class Deep-Space Patrol Vessel,,No,https://starwars.fandom.com/wiki/Burst_Fire-class_Deep-Space_Patrol_Vessel
Bus pod,,No,https://starwars.fandom.com/wiki/Bus_pod
C-3 passenger liner,,No,https://starwars.fandom.com/wiki/C-3_passenger_liner
Cantwell-class Arrestor Cruiser,2200000,Yes,https://starwars.fandom.com/wiki/Cantwell-class_Arrestor_Cruiser
Cargo shuttle,,No,https://starwars.fandom.com/wiki/Cargo_shuttle
Cargo tanker,,No,https://starwars.fandom.com/wiki/Cargo_tanker
Carillion ship,,No,https://starwars.fandom.com/wiki/Carillion_ship
Carrack-A,,No,https://starwars.fandom.com/wiki/Carrack-A
Carrack-class light cruiser,,No,https://starwars.fandom.com/wiki/Carrack-class_light_cruiser
Carrack-class light cruiser/Legends,,Yes,https://starwars.fandom.com/wiki/Carrack-class_light_cruiser/Legends
CC-7700 frigate,,No,https://starwars.fandom.com/wiki/CC-7700_frigate
CCR-class pinnace,,No,https://starwars.fandom.com/wiki/CCR-class_pinnace
Centurion-class battlecruiser,,No,https://starwars.fandom.com/wiki/Centurion-class_battlecruiser
Class four container transport,,No,https://starwars.fandom.com/wiki/Class_four_container_transport
Class-6 escape pod,,No,https://starwars.fandom.com/wiki/Class-6_escape_pod
Clone impound vessel,,No,https://starwars.fandom.com/wiki/Clone_impound_vessel
Combat utility vehicle,,No,https://starwars.fandom.com/wiki/Combat_utility_vehicle
Concealer-class Prison Ship,,No,https://starwars.fandom.com/wiki/Concealer-class_Prison_Ship
Continent-class crawler,,No,https://starwars.fandom.com/wiki/Continent-class_crawler
Corvette-class patrol boat,,No,https://starwars.fandom.com/wiki/Corvette-class_patrol_boat
Cosinga-class Heavy Corvette,,No,https://starwars.fandom.com/wiki/Cosinga-class_Heavy_Corvette
CR70 corvette/Legends,2900000,Yes,https://starwars.fandom.com/wiki/CR70_corvette/Legends
CR90 corvette,1200000,Yes,https://starwars.fandom.com/wiki/CR90_corvette
CR90 corvette/Legends,3500000,Yes,https://starwars.fandom.com/wiki/CR90_corvette/Legends
CR92a Assassin-class corvette,2500000,Yes,https://starwars.fandom.com/wiki/CR92a_Assassin-class_corvette
Cruisemissile assault craft,,No,https://starwars.fandom.com/wiki/Cruisemissile_assault_craft
Curich-class shuttle,130000,Yes,https://starwars.fandom.com/wiki/Curich-class_shuttle
CX Dagger vessel,,No,https://starwars.fandom.com/wiki/CX_Dagger_vessel
D-Wing Space Superiority Fighter,,No,https://starwars.fandom.com/wiki/D-Wing_Space_Superiority_Fighter
Dark Trooper hyperspace capsule,,No,https://starwars.fandom.com/wiki/Dark_Trooper_hyperspace_capsule
Delta-class DX-9 stormtrooper transport,,No,https://starwars.fandom.com/wiki/Delta-class_DX-9_stormtrooper_transport
Delta-class JV-7 escort shuttle,,No,https://starwars.fandom.com/wiki/Delta-class_JV-7_escort_shuttle
Delta-class shuttle,,No,https://starwars.fandom.com/wiki/Delta-class_shuttle
Delta-class stormtrooper transport,,No,https://starwars.fandom.com/wiki/Delta-class_stormtrooper_transport
Delta-class T-3c shuttle,160000,Yes,https://starwars.fandom.com/wiki/Delta-class_T-3c_shuttle
Detainer CC-2200,,No,https://starwars.fandom.com/wiki/Detainer_CC-2200
Detainer CC-2200/Legends,,No,https://starwars.fandom.com/wiki/Detainer_CC-2200/Legends
DP20 gunship,3200000,Yes,https://starwars.fandom.com/wiki/DP20_gunship
DP20 gunship/Legends,4800000,Yes,https://starwars.fandom.com/wiki/DP20_gunship/Legends
Dragon-class Heavy Cruiser,,No,https://starwars.fandom.com/wiki/Dragon-class_Heavy_Cruiser
Dreadnaught-class heavy cruiser/Legends,7200000,Yes,https://starwars.fandom.com/wiki/Dreadnaught-class_heavy_cruiser/Legends
Dreadnought-class heavy cruiser,7200000,Yes,https://starwars.fandom.com/wiki/Dreadnought-class_heavy_cruiser
Drone freighter,,No,https://starwars.fandom.com/wiki/Drone_freighter
Drop-sled,,No,https://starwars.fandom.com/wiki/Drop-sled
E-2T medical shuttle,,No,https://starwars.fandom.com/wiki/E-2T_medical_shuttle
Eclipse-class dreadnought,,No,https://starwars.fandom.com/wiki/Eclipse-class_dreadnought
EF76 Nebulon-B escort frigate,8500000,Yes,https://starwars.fandom.com/wiki/EF76_Nebulon-B_escort_frigate
EF76 Nebulon-B escort frigate/Legends,8500000,Yes,https://starwars.fandom.com/wiki/EF76_Nebulon-B_escort_frigate/Legends
Epsilon-class shuttle,,No,https://starwars.fandom.com/wiki/Epsilon-class_shuttle
Eta-class supply barge,750000,Yes,https://starwars.fandom.com/wiki/Eta-class_supply_barge
Evakmar-KDY transport,,No,https://starwars.fandom.com/wiki/Evakmar-KDY_transport
Executor I-class Star Dreadnought,,No,https://starwars.fandom.com/wiki/Executor_I-class_Star_Dreadnought
Executor II-class Star Dreadnought,,No,https://starwars.fandom.com/wiki/Executor_II-class_Star_Dreadnought
Executor-class Star Dreadnought,,No,https://starwars.fandom.com/wiki/Executor-class_Star_Dreadnought
Executor-class Star Dreadnought/Legends,,No,https://starwars.fandom.com/wiki/Executor-class_Star_Dreadnought/Legends
"F7 ""Landing Brick"" Drop-Ship",,No,"https://starwars.fandom.com/wiki/F7_""Landing_Brick""_Drop-Ship"
Far*Reach IV PQR,,No,https://starwars.fandom.com/wiki/Far*Reach_IV_PQR
Field Secured Container Vessel,,No,https://starwars.fandom.com/wiki/Field_Secured_Container_Vessel
Field Secured Container Vessel/Legends,,No,https://starwars.fandom.com/wiki/Field_Secured_Container_Vessel/Legends
FireStar II-class Orbital Defense Platform,8500000,Yes,https://starwars.fandom.com/wiki/FireStar_II-class_Orbital_Defense_Platform
Freighter Type H,,No,https://starwars.fandom.com/wiki/Freighter_Type_H
Freighter Type K,,No,https://starwars.fandom.com/wiki/Freighter_Type_K
Galleon (Starship class),,No,https://starwars.fandom.com/wiki/Galleon_(Starship_class)
Gamma-class assault shuttle,,No,https://starwars.fandom.com/wiki/Gamma-class_assault_shuttle
Gamma-class assault shuttle/Legends,850000,Yes,https://starwars.fandom.com/wiki/Gamma-class_assault_shuttle/Legends
Gamma-class ATR-6 assault transport,,No,https://starwars.fandom.com/wiki/Gamma-class_ATR-6_assault_transport
Gamma-class Light Personnel Carrier,,No,https://starwars.fandom.com/wiki/Gamma-class_Light_Personnel_Carrier
GAT-12 Skipray Blastboat,285000,Yes,https://starwars.fandom.com/wiki/GAT-12_Skipray_Blastboat
Gladiator I,34000000,Yes,https://starwars.fandom.com/wiki/Gladiator_I
Gladiator I-class Star Destroyer,,No,https://starwars.fandom.com/wiki/Gladiator_I-class_Star_Destroyer
Gladiator II-class Star Destroyer,,No,https://starwars.fandom.com/wiki/Gladiator_II-class_Star_Destroyer
Gladiator-class Star Destroyer,34000000,Yes,https://starwars.fandom.com/wiki/Gladiator-class_Star_Destroyer
Gladiator-class Star Destroyer/Legends,34000000,Yes,https://starwars.fandom.com/wiki/Gladiator-class_Star_Destroyer/Legends
Gozanti-class Assault Carrier,,No,https://starwars.fandom.com/wiki/Gozanti-class_Assault_Carrier
Gozanti-class cruiser,200000,Yes,https://starwars.fandom.com/wiki/Gozanti-class_cruiser
GR-75 medium transport/Legends,350000,Yes,https://starwars.fandom.com/wiki/GR-75_medium_transport/Legends
Grek-class troop shuttle/Legends,40000,Yes,https://starwars.fandom.com/wiki/Grek-class_troop_shuttle/Legends
Guardian 334-class light cruiser,,No,https://starwars.fandom.com/wiki/Guardian_334-class_light_cruiser
Guardian-class light cruiser,,No,https://starwars.fandom.com/wiki/Guardian-class_light_cruiser
H-10,,No,https://starwars.fandom.com/wiki/H-10
Harbinger courier ship,,No,https://starwars.fandom.com/wiki/Harbinger_courier_ship
Harbinger courier ship/Legends,,No,https://starwars.fandom.com/wiki/Harbinger_courier_ship/Legends
Hauler-2 cargo tug,,No,https://starwars.fandom.com/wiki/Hauler-2_cargo_tug
High-Altitude Entry Transport-221,,No,https://starwars.fandom.com/wiki/High-Altitude_Entry_Transport-221
Hunter destroyer,,No,https://starwars.fandom.com/wiki/Hunter_destroyer
I-7 Howlrunner,165000,Yes,https://starwars.fandom.com/wiki/I-7_Howlrunner
IF-120 landing craft,290000,Yes,https://starwars.fandom.com/wiki/IF-120_landing_craft
IGV-55 surveillance vessel,,No,https://starwars.fandom.com/wiki/IGV-55_surveillance_vessel
Immobilizer 418 cruiser,,No,https://starwars.fandom.com/wiki/Immobilizer_418_cruiser
Immobilizer 418 Interdictor-class Heavy Cruiser,52240000,Yes,https://starwars.fandom.com/wiki/Immobilizer_418_Interdictor-class_Heavy_Cruiser
Imperator-class Star Destroyer,,No,https://starwars.fandom.com/wiki/Imperator-class_Star_Destroyer
Imperial Action transport,,No,https://starwars.fandom.com/wiki/Imperial_Action_transport
Imperial Armored Transport,240000,Yes,https://starwars.fandom.com/wiki/Imperial_Armored_Transport
Imperial Assault Shuttle,,No,https://starwars.fandom.com/wiki/Imperial_Assault_Shuttle
Imperial attack craft,,No,https://starwars.fandom.com/wiki/Imperial_attack_craft
Imperial Boarding Pod,,No,https://starwars.fandom.com/wiki/Imperial_Boarding_Pod
Imperial cargo ship,,Yes,https://starwars.fandom.com/wiki/Imperial_cargo_ship
Imperial Cargo Shuttle,,No,https://starwars.fandom.com/wiki/Imperial_Cargo_Shuttle
Imperial convoy ship,,No,https://starwars.fandom.com/wiki/Imperial_convoy_ship
Imperial Customs Corvette,,Yes,https://starwars.fandom.com/wiki/Imperial_Customs_Corvette
Imperial Customs Frigate,,No,https://starwars.fandom.com/wiki/Imperial_Customs_Frigate
Imperial Drill Pod Boarding Craft,,No,https://starwars.fandom.com/wiki/Imperial_Drill_Pod_Boarding_Craft
Imperial Dropship,,No,https://starwars.fandom.com/wiki/Imperial_Dropship
Imperial Dropship/Legends,,No,https://starwars.fandom.com/wiki/Imperial_Dropship/Legends
Imperial escort carrier,,No,https://starwars.fandom.com/wiki/Imperial_escort_carrier
Imperial escort carrier (storm commando),,No,https://starwars.fandom.com/wiki/Imperial_escort_carrier_(storm_commando)
Imperial Exploratory Division craft,,No,https://starwars.fandom.com/wiki/Imperial_Exploratory_Division_craft
Imperial extermination ship,,No,https://starwars.fandom.com/wiki/Imperial_extermination_ship
Imperial Gozanti-class cruiser,200000,Yes,https://starwars.fandom.com/wiki/Imperial_Gozanti-class_cruiser
Imperial heavy freighter,,No,https://starwars.fandom.com/wiki/Imperial_heavy_freighter
Imperial Heavy Transport,,No,https://starwars.fandom.com/wiki/Imperial_Heavy_Transport
Imperial I-class Star Destroyer,150000000,Yes,https://starwars.fandom.com/wiki/Imperial_I-class_Star_Destroyer
Imperial I-class Star Destroyer/Legends,150000000,Yes,https://starwars.fandom.com/wiki/Imperial_I-class_Star_Destroyer/Legends
Imperial II-class frigate,,Yes,https://starwars.fandom.com/wiki/Imperial_II-class_frigate
Imperial II-class Star Destroyer,150000000,Yes,https://starwars.fandom.com/wiki/Imperial_II-class_Star_Destroyer
Imperial II-class Star Destroyer/Legends,145670000,Yes,https://starwars.fandom.com/wiki/Imperial_II-class_Star_Destroyer/Legends
Imperial launch,,No,https://starwars.fandom.com/wiki/Imperial_launch
Imperial Leviathan,,No,https://starwars.fandom.com/wiki/Imperial_Leviathan
Imperial loader shuttle,,No,https://starwars.fandom.com/wiki/Imperial_loader_shuttle
Imperial Masticator,,No,https://starwars.fandom.com/wiki/Imperial_Masticator
Imperial Patrol Frigate,,No,https://starwars.fandom.com/wiki/Imperial_Patrol_Frigate
Imperial Patrol Ship,,No,https://starwars.fandom.com/wiki/Imperial_Patrol_Ship
Imperial Planetary Occupation Facility,,No,https://starwars.fandom.com/wiki/Imperial_Planetary_Occupation_Facility
Imperial prison barge,,No,https://starwars.fandom.com/wiki/Imperial_prison_barge
Imperial Prison Transport,,No,https://starwars.fandom.com/wiki/Imperial_Prison_Transport
Imperial Research Ship,,No,https://starwars.fandom.com/wiki/Imperial_Research_Ship
Imperial research transport,,No,https://starwars.fandom.com/wiki/Imperial_research_transport
Imperial scan cruiser,,No,https://starwars.fandom.com/wiki/Imperial_scan_cruiser
Imperial sentry ship,,No,https://starwars.fandom.com/wiki/Imperial_sentry_ship
Imperial Star Destroyer Cymoon 1 Refit,,No,https://starwars.fandom.com/wiki/Imperial_Star_Destroyer_Cymoon_1_Refit
Imperial state ship,,No,https://starwars.fandom.com/wiki/Imperial_state_ship
Imperial super hauler,,No,https://starwars.fandom.com/wiki/Imperial_super_hauler
Imperial Supply Freighter,,No,https://starwars.fandom.com/wiki/Imperial_Supply_Freighter
Imperial tanker,,No,https://starwars.fandom.com/wiki/Imperial_tanker
Imperial Transport,,No,https://starwars.fandom.com/wiki/Imperial_Transport
Imperial Troop Drop Pod,,No,https://starwars.fandom.com/wiki/Imperial_Troop_Drop_Pod
Imperial troop transport,,No,https://starwars.fandom.com/wiki/Imperial_troop_transport
Imperial-class Star Destroyer,,No,https://starwars.fandom.com/wiki/Imperial-class_Star_Destroyer
Imperial-class Star Destroyer/Legends,,No,https://starwars.fandom.com/wiki/Imperial-class_Star_Destroyer/Legends
Interdictor-class heavy cruiser,15400000,Yes,https://starwars.fandom.com/wiki/Interdictor-class_heavy_cruiser
Interdictor-class Star Destroyer,,No,https://starwars.fandom.com/wiki/Interdictor-class_Star_Destroyer
Interdictor-class Star Destroyer/Legends,175000000,Yes,https://starwars.fandom.com/wiki/Interdictor-class_Star_Destroyer/Legends
Invincible-class Dreadnaught Heavy Cruiser,,No,https://starwars.fandom.com/wiki/Invincible-class_Dreadnaught_Heavy_Cruiser
Iota-class TS-485 light shuttle,,No,https://starwars.fandom.com/wiki/Iota-class_TS-485_light_shuttle
IPV-1 System Patrol Craft,4000000,Yes,https://starwars.fandom.com/wiki/IPV-1_System_Patrol_Craft
IPV/4 patrol ship,,No,https://starwars.fandom.com/wiki/IPV/4_patrol_ship
IR-3F-class light frigate,,No,https://starwars.fandom.com/wiki/IR-3F-class_light_frigate
IR-3F-class light frigate/Legends,2500000,Yes,https://starwars.fandom.com/wiki/IR-3F-class_light_frigate/Legends
ISB operations ship,,No,https://starwars.fandom.com/wiki/ISB_operations_ship
ISB TAC shuttle,,No,https://starwars.fandom.com/wiki/ISB_TAC_shuttle
ISP-6 Imperial Shuttle Pod,15000,Yes,https://starwars.fandom.com/wiki/ISP-6_Imperial_Shuttle_Pod
Kappa-class shuttle,110000,Yes,https://starwars.fandom.com/wiki/Kappa-class_shuttle
Katarn-class boarding shuttle,100000,Yes,https://starwars.fandom.com/wiki/Katarn-class_boarding_shuttle
LAAT/le patrol gunship,62000,Yes,https://starwars.fandom.com/wiki/LAAT/le_patrol_gunship
Lambda-class T-4a shuttle,140000,Yes,https://starwars.fandom.com/wiki/Lambda-class_T-4a_shuttle
Lambda-class T-4a shuttle/Legends,240000,Yes,https://starwars.fandom.com/wiki/Lambda-class_T-4a_shuttle/Legends
Lancer-class frigate,,Yes,https://starwars.fandom.com/wiki/Lancer-class_frigate
Lancer-class frigate/Legends,4760000,Yes,https://starwars.fandom.com/wiki/Lancer-class_frigate/Legends
Lianna-class corvette,,No,https://starwars.fandom.com/wiki/Lianna-class_corvette
Lictor-class dungeon ship,7800000,Yes,https://starwars.fandom.com/wiki/Lictor-class_dungeon_ship
Liftwing carrier,,No,https://starwars.fandom.com/wiki/Liftwing_carrier
LightStealth-18 Reconnaissance Ship,,No,https://starwars.fandom.com/wiki/LightStealth-18_Reconnaissance_Ship
Lone Scout A-2,,No,https://starwars.fandom.com/wiki/Lone_Scout_A-2
Lone Scout-A,125000,Yes,https://starwars.fandom.com/wiki/Lone_Scout-A
Low Altitude Assault Transport/carrier,175000,Yes,https://starwars.fandom.com/wiki/Low_Altitude_Assault_Transport/carrier
Low Altitude Assault Transport/carrier/Legends,58000,Yes,https://starwars.fandom.com/wiki/Low_Altitude_Assault_Transport/carrier/Legends
Low Altitude Assault Transport/infantry,85000,Yes,https://starwars.fandom.com/wiki/Low_Altitude_Assault_Transport/infantry
Low Altitude Assault Transport/infantry/Legends,,No,https://starwars.fandom.com/wiki/Low_Altitude_Assault_Transport/infantry/Legends
Lucrehulk-class battleship/Legends,,Yes,https://starwars.fandom.com/wiki/Lucrehulk-class_battleship/Legends
M-Class Imperial Attack Transport,,No,https://starwars.fandom.com/wiki/M-Class_Imperial_Attack_Transport
M3-A Scyk interceptor,55000,Yes,https://starwars.fandom.com/wiki/M3-A_Scyk_interceptor
Maelstrom-class battle cruiser,158000000,Yes,https://starwars.fandom.com/wiki/Maelstrom-class_battle_cruiser
Maelstrom-class battle cruiser/Legends,158000000,Yes,https://starwars.fandom.com/wiki/Maelstrom-class_battle_cruiser/Legends
Maintenance Carrier,,No,https://starwars.fandom.com/wiki/Maintenance_Carrier
Mandator III-class dreadnought,,No,https://starwars.fandom.com/wiki/Mandator_III-class_dreadnought
Mandator-class Dreadnaught,,No,https://starwars.fandom.com/wiki/Mandator-class_Dreadnaught
Marauder-class Assault Corvette/Legends,,No,https://starwars.fandom.com/wiki/Marauder-class_Assault_Corvette/Legends
Max-7 Rono box freighter,,No,https://starwars.fandom.com/wiki/Max-7_Rono_box_freighter
MC80A Home One Type Heavy Star Cruiser,112000000,Yes,https://starwars.fandom.com/wiki/MC80A_Home_One_Type_Heavy_Star_Cruiser
MedStar-class frigate/Legends,4875000,Yes,https://starwars.fandom.com/wiki/MedStar-class_frigate/Legends
Missile Boat,,Yes,https://starwars.fandom.com/wiki/Missile_Boat
Mobile repair base,,No,https://starwars.fandom.com/wiki/Mobile_repair_base
MRX-BR Pacifier,170000,Yes,https://starwars.fandom.com/wiki/MRX-BR_Pacifier
MT/191 drop-ship,,No,https://starwars.fandom.com/wiki/MT/191_drop-ship
Mu-class shuttle (Model 1),,No,https://starwars.fandom.com/wiki/Mu-class_shuttle_(Model_1)
Mu-2 long range shuttle,,No,https://starwars.fandom.com/wiki/Mu-2_long_range_shuttle
Mu-3 Shuttle,,No,https://starwars.fandom.com/wiki/Mu-3_Shuttle
Mu-class shuttle/Legends,,No,https://starwars.fandom.com/wiki/Mu-class_shuttle/Legends
Multi-Altitude Assault Transport,,No,https://starwars.fandom.com/wiki/Multi-Altitude_Assault_Transport
Munifex-class light cruiser,,No,https://starwars.fandom.com/wiki/Munifex-class_light_cruiser
Nebulon-B2 frigate,,No,https://starwars.fandom.com/wiki/Nebulon-B2_frigate
Neutron Star-class bulk cruiser carrier conversion,5000000,Yes,https://starwars.fandom.com/wiki/Neutron_Star-class_bulk_cruiser_carrier_conversion
Neutron Star-class bulk cruiser/Legends,5000000,Yes,https://starwars.fandom.com/wiki/Neutron_Star-class_bulk_cruiser/Legends
Nu-class attack shuttle/Legends,85000,Yes,https://starwars.fandom.com/wiki/Nu-class_attack_shuttle/Legends
Nu-class attack/transport shuttle,85000,Yes,https://starwars.fandom.com/wiki/Nu-class_attack/transport_shuttle
Omega-class freighter,,No,https://starwars.fandom.com/wiki/Omega-class_freighter
Onager-class Star Destroyer,376500000,Yes,https://starwars.fandom.com/wiki/Onager-class_Star_Destroyer
Ore carrier/Legends,,No,https://starwars.fandom.com/wiki/Ore_carrier/Legends
"""Out System"" Scout Vessel",,No,"https://starwars.fandom.com/wiki/""Out_System""_Scout_Vessel"
Patrol barge,,No,https://starwars.fandom.com/wiki/Patrol_barge
PB-950 patrol boat,150000,Yes,https://starwars.fandom.com/wiki/PB-950_patrol_boat
Peacekeeper (starship),,No,https://starwars.fandom.com/wiki/Peacekeeper_(starship)
Pelta-class frigate/Legends,,Yes,https://starwars.fandom.com/wiki/Pelta-class_frigate/Legends
Pelta-class Medical Frigate,,No,https://starwars.fandom.com/wiki/Pelta-class_Medical_Frigate
Praetor II-class ship,,No,https://starwars.fandom.com/wiki/Praetor_II-class_ship
Praetor Mark II-class battlecruiser,700000000,Yes,https://starwars.fandom.com/wiki/Praetor_Mark_II-class_battlecruiser
Praetor-class Star Battlecruiser/Legends,,No,https://starwars.fandom.com/wiki/Praetor-class_Star_Battlecruiser/Legends
Predator I,,No,https://starwars.fandom.com/wiki/Predator_I
Probe-Mate hyperspace pod,22500,Yes,https://starwars.fandom.com/wiki/Probe-Mate_hyperspace_pod
Procursator-class Star Destroyer,,No,https://starwars.fandom.com/wiki/Procursator-class_Star_Destroyer
Purgatory-class prison ship,,Yes,https://starwars.fandom.com/wiki/Purgatory-class_prison_ship
Pursuit-class light cruiser,,No,https://starwars.fandom.com/wiki/Pursuit-class_light_cruiser
Qaz-class Star Destroyer,,No,https://starwars.fandom.com/wiki/Qaz-class_Star_Destroyer
Quasar Fire I-class Cruiser-Carrier,,No,https://starwars.fandom.com/wiki/Quasar_Fire_I-class_Cruiser-Carrier
Quasar Fire II-class Cruiser-Carrier,,No,https://starwars.fandom.com/wiki/Quasar_Fire_II-class_Cruiser-Carrier
Quasar Fire-class cruiser-carrier,1750000,Yes,https://starwars.fandom.com/wiki/Quasar_Fire-class_cruiser-carrier
Raider I-class corvette,3000000,Yes,https://starwars.fandom.com/wiki/Raider_I-class_corvette
Raider I-class corvette/Legends,,No,https://starwars.fandom.com/wiki/Raider_I-class_corvette/Legends
Raider II-class corvette,,No,https://starwars.fandom.com/wiki/Raider_II-class_corvette
Raider II-class corvette/Legends,,No,https://starwars.fandom.com/wiki/Raider_II-class_corvette/Legends
Raider-class corvette,,No,https://starwars.fandom.com/wiki/Raider-class_corvette
Raider-class corvette/Legends,3000000,Yes,https://starwars.fandom.com/wiki/Raider-class_corvette/Legends
Razor-class frigate,,No,https://starwars.fandom.com/wiki/Razor-class_frigate
Repair barge,,No,https://starwars.fandom.com/wiki/Repair_barge
Rho-class shuttle (Transorb),,No,https://starwars.fandom.com/wiki/Rho-class_shuttle_(Transorb)
Rho-class transport shuttle,,No,https://starwars.fandom.com/wiki/Rho-class_transport_shuttle
S-46I Medium Scout Ship,524000,Yes,https://starwars.fandom.com/wiki/S-46I_Medium_Scout_Ship
Scimitar assault bomber,120000,Yes,https://starwars.fandom.com/wiki/Scimitar_assault_bomber
Scimitar Mark II,,No,https://starwars.fandom.com/wiki/Scimitar_Mark_II
Scout ship (TIE model),,No,https://starwars.fandom.com/wiki/Scout_ship_(TIE_model)
Secutor-class Star Destroyer,200000000,Yes,https://starwars.fandom.com/wiki/Secutor-class_Star_Destroyer
Secutor-class Star Destroyer/Legends,200000000,Yes,https://starwars.fandom.com/wiki/Secutor-class_Star_Destroyer/Legends
Sentinel-class landing craft,240000,Yes,https://starwars.fandom.com/wiki/Sentinel-class_landing_craft
Sentinel-class landing craft/Legends,240000,Yes,https://starwars.fandom.com/wiki/Sentinel-class_landing_craft/Legends
Shadow Droid,,Yes,https://starwars.fandom.com/wiki/Shadow_Droid
Shell-cracker prototype,,No,https://starwars.fandom.com/wiki/Shell-cracker_prototype
Siege platform/Legends,,No,https://starwars.fandom.com/wiki/Siege_platform/Legends
Skim fighter,,No,https://starwars.fandom.com/wiki/Skim_fighter
Skywatcher-class deep space scout ship,120000,Yes,https://starwars.fandom.com/wiki/Skywatcher-class_deep_space_scout_ship
Snoopship,,No,https://starwars.fandom.com/wiki/Snoopship
Sorannan-class Star Destroyer,,No,https://starwars.fandom.com/wiki/Sorannan-class_Star_Destroyer
Sovereign-class Super Star Destroyer,2500000000,Yes,https://starwars.fandom.com/wiki/Sovereign-class_Super_Star_Destroyer
Spiral-class Assault Ship,,No,https://starwars.fandom.com/wiki/Spiral-class_Assault_Ship
SS-39 Space Skiff,12500,Yes,https://starwars.fandom.com/wiki/SS-39_Space_Skiff
Star Galleon-class frigate,17503500,Yes,https://starwars.fandom.com/wiki/Star_Galleon-class_frigate
Starcutter/Legends,,No,https://starwars.fandom.com/wiki/Starcutter/Legends
STC003 Starcrasher,,No,https://starwars.fandom.com/wiki/STC003_Starcrasher
Stormtrooper transport (Skorii-Lei),,No,https://starwars.fandom.com/wiki/Stormtrooper_transport_(Skorii-Lei)
Strike-class medium cruiser,17000000,Yes,https://starwars.fandom.com/wiki/Strike-class_medium_cruiser
Super freighter,,No,https://starwars.fandom.com/wiki/Super_freighter
Super Transport XI,35000000,Yes,https://starwars.fandom.com/wiki/Super_Transport_XI
Super-class Star Destroyer,,No,https://starwars.fandom.com/wiki/Super-class_Star_Destroyer
Supertanker fuel depot,,No,https://starwars.fandom.com/wiki/Supertanker_fuel_depot
Supply carrier/Legends,,No,https://starwars.fandom.com/wiki/Supply_carrier/Legends
Survey Frigate,,No,https://starwars.fandom.com/wiki/Survey_Frigate
Surveyor-class reconnaissance frigate,9600000,Yes,https://starwars.fandom.com/wiki/Surveyor-class_reconnaissance_frigate
Surveyor-class reconnaissance frigate/Legends,9600000,Yes,https://starwars.fandom.com/wiki/Surveyor-class_reconnaissance_frigate/Legends
SX troop transport,,No,https://starwars.fandom.com/wiki/SX_troop_transport
T-2 Ramsidian-class yacht,,No,https://starwars.fandom.com/wiki/T-2_Ramsidian-class_yacht
T-5 Deliverance,,No,https://starwars.fandom.com/wiki/T-5_Deliverance
Tagge battlecruiser,,No,https://starwars.fandom.com/wiki/Tagge_battlecruiser
Tartan-class patrol cruiser,4200000,Yes,https://starwars.fandom.com/wiki/Tartan-class_patrol_cruiser
Tech 4 PDV,,Yes,https://starwars.fandom.com/wiki/Tech_4_PDV
Tector-class,,No,https://starwars.fandom.com/wiki/Tector-class
Tector-class Star Destroyer,,No,https://starwars.fandom.com/wiki/Tector-class_Star_Destroyer
Temple-class heavy freighter,,No,https://starwars.fandom.com/wiki/Temple-class_heavy_freighter
Theta-class barge,,No,https://starwars.fandom.com/wiki/Theta-class_barge
Theta-class barge/Legends,,No,https://starwars.fandom.com/wiki/Theta-class_barge/Legends
Theta-class T-2c shuttle,,No,https://starwars.fandom.com/wiki/Theta-class_T-2c_shuttle
Theta-class T-2c shuttle/Legends,,Yes,https://starwars.fandom.com/wiki/Theta-class_T-2c_shuttle/Legends
Thran-class vessel,,No,https://starwars.fandom.com/wiki/Thran-class_vessel
TIE Advanced x1,160000,Yes,https://starwars.fandom.com/wiki/TIE_Advanced_x1
TIE Advanced x1/Legends,,No,https://starwars.fandom.com/wiki/TIE_Advanced_x1/Legends
TIE Advanced x7,,No,https://starwars.fandom.com/wiki/TIE_Advanced_x7
TIE Advanced x7/Legends,,No,https://starwars.fandom.com/wiki/TIE_Advanced_x7/Legends
TIE Avenger prototype,,No,https://starwars.fandom.com/wiki/TIE_Avenger_prototype
TIE boarding craft,150000,Yes,https://starwars.fandom.com/wiki/TIE_boarding_craft
TIE bomber-shuttle conversion,,No,https://starwars.fandom.com/wiki/TIE_bomber-shuttle_conversion
TIE Heavy Bomber,,No,https://starwars.fandom.com/wiki/TIE_Heavy_Bomber
TIE infiltrator,,No,https://starwars.fandom.com/wiki/TIE_infiltrator
TIE lander,,No,https://starwars.fandom.com/wiki/TIE_lander
TIE lander/Legends,,No,https://starwars.fandom.com/wiki/TIE_lander/Legends
TIE Light Duty,,No,https://starwars.fandom.com/wiki/TIE_Light_Duty
TIE Oppressor,,Yes,https://starwars.fandom.com/wiki/TIE_Oppressor
TIE scout,,No,https://starwars.fandom.com/wiki/TIE_scout
TIE Sentinel,,No,https://starwars.fandom.com/wiki/TIE_Sentinel
TIE training drone,,No,https://starwars.fandom.com/wiki/TIE_training_drone
TIE/ad starfighter,400000,Yes,https://starwars.fandom.com/wiki/TIE/ad_starfighter
"TIE/ag ""Aggressor"" Starfighter",75000,Yes,"https://starwars.fandom.com/wiki/TIE/ag_""Aggressor""_Starfighter"
"TIE/ag ""Aggressor"" Starfighter/Legends",75000,Yes,"https://starwars.fandom.com/wiki/TIE/ag_""Aggressor""_Starfighter/Legends"
TIE/br boarding shuttle,,No,https://starwars.fandom.com/wiki/TIE/br_boarding_shuttle
"TIE/ca ""Punisher"" Starfighter",253000,Yes,"https://starwars.fandom.com/wiki/TIE/ca_""Punisher""_Starfighter"
TIE/ca Punisher/Legends,253000,Yes,https://starwars.fandom.com/wiki/TIE/ca_Punisher/Legends
"TIE/d ""Defender"" Multi-Role Starfighter",300000,Yes,"https://starwars.fandom.com/wiki/TIE/d_""Defender""_Multi-Role_Starfighter"
"TIE/d ""Defender"" Multi-Role Starfighter/Legends",300000,Yes,"https://starwars.fandom.com/wiki/TIE/d_""Defender""_Multi-Role_Starfighter/Legends"
TIE/D Defender Elite,310000,Yes,https://starwars.fandom.com/wiki/TIE/D_Defender_Elite
TIE/es assault shuttle,,No,https://starwars.fandom.com/wiki/TIE/es_assault_shuttle
TIE/fc,,No,https://starwars.fandom.com/wiki/TIE/fc
TIE/fc starfighter,,No,https://starwars.fandom.com/wiki/TIE/fc_starfighter
TIE/gt,,No,https://starwars.fandom.com/wiki/TIE/gt
TIE/gt starfighter,,No,https://starwars.fandom.com/wiki/TIE/gt_starfighter
"TIE/hu ""Hunter"" Multi-Role Starfighter",100000,Yes,"https://starwars.fandom.com/wiki/TIE/hu_""Hunter""_Multi-Role_Starfighter"
TIE/IN interceptor,120000,Yes,https://starwars.fandom.com/wiki/TIE/IN_interceptor
TIE/IN interceptor/Legends,75000,Yes,https://starwars.fandom.com/wiki/TIE/IN_interceptor/Legends
TIE/ln space superiority starfighter,60000,Yes,https://starwars.fandom.com/wiki/TIE/ln_space_superiority_starfighter
TIE/ln space superiority starfighter/Legends,60000,Yes,https://starwars.fandom.com/wiki/TIE/ln_space_superiority_starfighter/Legends
TIE/mg Mining Guild starfighter,40000,Yes,https://starwars.fandom.com/wiki/TIE/mg_Mining_Guild_starfighter
"TIE/ph ""Phantom"" Multi-Role Stealth Starfighter",365000,Yes,"https://starwars.fandom.com/wiki/TIE/ph_""Phantom""_Multi-Role_Stealth_Starfighter"
"TIE/ph ""Phantom"" Multi-Role Stealth Starfighter/Legends",365000,Yes,"https://starwars.fandom.com/wiki/TIE/ph_""Phantom""_Multi-Role_Stealth_Starfighter/Legends"
TIE/rb heavy starfighter,90000,Yes,https://starwars.fandom.com/wiki/TIE/rb_heavy_starfighter
TIE/rc,,No,https://starwars.fandom.com/wiki/TIE/rc
TIE/rc starfighter,,No,https://starwars.fandom.com/wiki/TIE/rc_starfighter
TIE/rc vanguard,,No,https://starwars.fandom.com/wiki/TIE/rc_vanguard
TIE/rp Reaper attack lander,140000,Yes,https://starwars.fandom.com/wiki/TIE/rp_Reaper_attack_lander
TIE/rpt starfighter,,No,https://starwars.fandom.com/wiki/TIE/rpt_starfighter
TIE/sa tactical bomber,150000,Yes,https://starwars.fandom.com/wiki/TIE/sa_tactical_bomber
TIE/sa tactical bomber/Legends,,No,https://starwars.fandom.com/wiki/TIE/sa_tactical_bomber/Legends
TIE/sh shuttle,150000,Yes,https://starwars.fandom.com/wiki/TIE/sh_shuttle
TIE/sh VIP shuttle,120000,Yes,https://starwars.fandom.com/wiki/TIE/sh_VIP_shuttle
TIE/sk x1 experimental air superiority fighter,50000,Yes,https://starwars.fandom.com/wiki/TIE/sk_x1_experimental_air_superiority_fighter
TIE/sr,,No,https://starwars.fandom.com/wiki/TIE/sr
TIE/sr starfighter,148000,Yes,https://starwars.fandom.com/wiki/TIE/sr_starfighter
Ton-Falk-class escort carrier,3500000,Yes,https://starwars.fandom.com/wiki/Ton-Falk-class_escort_carrier
Torpedo Sphere/Legends,327830000,Yes,https://starwars.fandom.com/wiki/Torpedo_Sphere/Legends
Tractor tug,,No,https://starwars.fandom.com/wiki/Tractor_tug
Transport capsule,,No,https://starwars.fandom.com/wiki/Transport_capsule
Trantor-class supertanker fuel depot,,No,https://starwars.fandom.com/wiki/Trantor-class_supertanker_fuel_depot
Trenchant-class cruiser,,No,https://starwars.fandom.com/wiki/Trenchant-class_cruiser
Tribune-class shuttle,150000,Yes,https://starwars.fandom.com/wiki/Tribune-class_shuttle
Twin-pod paracapsule,,No,https://starwars.fandom.com/wiki/Twin-pod_paracapsule
U-33 orbital loadlifter,,No,https://starwars.fandom.com/wiki/U-33_orbital_loadlifter
Unidentified Imperial starship,,No,https://starwars.fandom.com/wiki/Unidentified_Imperial_starship
Unidentified TIE variant,,No,https://starwars.fandom.com/wiki/Unidentified_TIE_variant
Unidentified TIE variant (Selk),,No,https://starwars.fandom.com/wiki/Unidentified_TIE_variant_(Selk)
Unidentified transport class,,No,https://starwars.fandom.com/wiki/Unidentified_transport_class
Utility Tug/Legends,,No,https://starwars.fandom.com/wiki/Utility_Tug/Legends
V-19 Torrent starfighter,75000,Yes,https://starwars.fandom.com/wiki/V-19_Torrent_starfighter
V-19 Torrent starfighter/Legends,135000,Yes,https://starwars.fandom.com/wiki/V-19_Torrent_starfighter/Legends
V-82 dropship,,No,https://starwars.fandom.com/wiki/V-82_dropship
V38 assault fighter,,No,https://starwars.fandom.com/wiki/V38_assault_fighter
Vanguard-class heavy assault gunship,,No,https://starwars.fandom.com/wiki/Vanguard-class_heavy_assault_gunship
Venator II-class Star Destroyer,,No,https://starwars.fandom.com/wiki/Venator_II-class_Star_Destroyer
Venator-class Star Destroyer,,No,https://starwars.fandom.com/wiki/Venator-class_Star_Destroyer
Venator-class Star Destroyer/Legends,59000000,Yes,https://starwars.fandom.com/wiki/Venator-class_Star_Destroyer/Legends
Vengeance-class dreadnought,,No,https://starwars.fandom.com/wiki/Vengeance-class_dreadnought
Vengeance-class frigate,,No,https://starwars.fandom.com/wiki/Vengeance-class_frigate
Vibre-class assault cruiser,2259000,Yes,https://starwars.fandom.com/wiki/Vibre-class_assault_cruiser
Victory I-class Star Destroyer,,No,https://starwars.fandom.com/wiki/Victory_I-class_Star_Destroyer
Victory I-class Star Destroyer/Legends,57000000,Yes,https://starwars.fandom.com/wiki/Victory_I-class_Star_Destroyer/Legends
Victory II-class frigate,,No,https://starwars.fandom.com/wiki/Victory_II-class_frigate
Victory II-class Star Destroyer,50000000,Yes,https://starwars.fandom.com/wiki/Victory_II-class_Star_Destroyer
Victory II-class Star Destroyer/Legends,50000000,Yes,https://starwars.fandom.com/wiki/Victory_II-class_Star_Destroyer/Legends
Vigil-class corvette,3500000,Yes,https://starwars.fandom.com/wiki/Vigil-class_corvette
Vindicator-class heavy cruiser,,No,https://starwars.fandom.com/wiki/Vindicator-class_heavy_cruiser
Vindicator-class heavy cruiser/Legends,10400000,Yes,https://starwars.fandom.com/wiki/Vindicator-class_heavy_cruiser/Legends
VT-49 Decimator,160000,Yes,https://starwars.fandom.com/wiki/VT-49_Decimator
VT-49 Decimator/Legends,160000,Yes,https://starwars.fandom.com/wiki/VT-49_Decimator/Legends
Warden-class light cruiser,,No,https://starwars.fandom.com/wiki/Warden-class_light_cruiser
Warlord Dropship,,No,https://starwars.fandom.com/wiki/Warlord_Dropship
World Devastator,,No,https://starwars.fandom.com/wiki/World_Devastator
Worldcraft,,No,https://starwars.fandom.com/wiki/Worldcraft
X-26 StarHaul,400000,Yes,https://starwars.fandom.com/wiki/X-26_StarHaul
X-fighter,,No,https://starwars.fandom.com/wiki/X-fighter
X3-13,,No,https://starwars.fandom.com/wiki/X3-13
Xiytiar-class heavy transport,,No,https://starwars.fandom.com/wiki/Xiytiar-class_heavy_transport
Xiytiar-class heavy transport/Legends,800000,Yes,https://starwars.fandom.com/wiki/Xiytiar-class_heavy_transport/Legends
XL-5 Guardian force reconnaissance ship,,No,https://starwars.fandom.com/wiki/XL-5_Guardian_force_reconnaissance_ship
Y-4 Transport,250000,Yes,https://starwars.fandom.com/wiki/Y-4_Transport
Y-45 armored transport hauler,,No,https://starwars.fandom.com/wiki/Y-45_armored_transport_hauler
Y-85 Titan dropship,,No,https://starwars.fandom.com/wiki/Y-85_Titan_dropship
Y-85 Titan dropship/Legends,,No,https://starwars.fandom.com/wiki/Y-85_Titan_dropship/Legends
Ye-4 gunship,,Yes,https://starwars.fandom.com/wiki/Ye-4_gunship
Zebulon-B frigate,,No,https://starwars.fandom.com/wiki/Zebulon-B_frigate
Zeta-class Heavy Cargo Shuttle,95000,Yes,https://starwars.fandom.com/wiki/Zeta-class_Heavy_Cargo_Shuttle
